{
  "AatroxBasicAttack": {
    "calculations": {},
    "dataValues": {}
  },
  "AatroxR": {
    "calculations": {},
    "dataValues": {
      "RDuration": [
        10.0,
        10.0,
        10.0,
        10.0,
        10.0,
        10.0,
        10.0
      ],
      "RERechargeBonus": [
        0.5,
        0.5,
        0.5,
        0.5,
        0.5,
        0.5,
        0.5
      ],
      "RMovementSpeed": [
        0.10000000149011612,
        0.15000000596046448,
        0.20000000298023224,
        0.25,
        0.30000001192092896,
        0.3499999940395355,
        0.4000000059604645
      ],
      "RMovementSpeedBonus": [
        0.4000000059604645,
        0.6000000238418579,
        0.800000011920929,
        1.0,
        1.2000000476837158,
        1.399999976158142,
        1.600000023841858
      ],
      "RTotalADAmp": [
        0.10000000149011612,
        0.20000000298023224,
        0.30000001192092896,
        0.4000000059604645,
        0.5,
        0.6000000238418579,
        0.699999988079071
      ],
      "RBonusADRange": [
        75.0,
        75.0,
        75.0,
        75.0,
        75.0,
        75.0,
        75.0
      ],
      "RSpeedMinDuration": [
        3.0,
        3.0,
        3.0,
        3.0,
        3.0,
        3.0,
        3.0
      ],
      "RFXExtraDuration": [
        0.6000000238418579,
        0.6000000238418579,
        0.6000000238418579,
        0.6000000238418579,
        0.6000000238418579,
        0.6000000238418579,
        0.6000000238418579
      ],
      "RPercentBloodWellToBoostToMax": [
        0.800000011920929,
        0.800000011920929,
        0.800000011920929,
        0.800000011920929,
        0.800000011920929,
        0.800000011920929,
        0.800000011920929
      ],
      "RHealingAmp": [
        0.25,
        0.5,
        0.75,
        1.0,
        1.25,
        1.5,
        1.75
      ],
      "RExtension": [
        5.0,
        5.0,
        5.0,
        5.0,
        5.0,
        5.0,
        5.0
      ],
      "RFearRadius": [
        600.0,
        600.0,
        600.0,
        600.0,
        600.0,
        600.0,
        600.0
      ],
      "RMinionFearDuration": [
        3.0,
        3.0,
        3.0,
        3.0,
        3.0,
        3.0,
        3.0
      ],
      "RChampionFearDuration": [
        1.0,
        1.0,
        1.0,
        1.0,
        1.0,
        1.0,
        1.0
      ]
    }
  },
  "AatroxRAttack1": {
    "calculations": {},
    "dataValues": {}
  },
  "AatroxRAttack2": {
    "calculations": {},
    "dataValues": {}
  },
  "AatroxQ": {
    "calculations": {
      "QDamage": {
        "mFormulaParts": [
          {
            "mDataValue": "QBaseDamage",
            "__type": "NamedDataValueCalculationPart"
          },
          {
            "mStat": 2,
            "mDataValue": "QTotalADRatio",
            "__type": "StatByNamedDataValueCalculationPart"
          }
        ],
        "__type": "GameCalculation"
      },
      "{46898f30}": {
        "mFormulaParts": [
          {
            "mStat": 2,
            "mDataValue": "QMonsterBonus",
            "__type": "StatByNamedDataValueCalculationPart"
          }
        ],
        "__type": "GameCalculation"
      },
      "QMinionDamage": {
        "mExpandedTooltipCalculationDisplay": 5,
        "mFormulaParts": [
          {
            "mLevel1Value": 0.550000011920929,
            "mBreakpoints": [
              {
                "mLevel": 6,
                "mAdditionalBonusAtThisLevel": 0.05000000074505806,
                "__type": "Breakpoint"
              },
              {
                "mLevel": 11,
                "mAdditionalBonusAtThisLevel": 0.05000000074505806,
                "__type": "Breakpoint"
              },
              {
                "mLevel": 16,
                "mAdditionalBonusAtThisLevel": 0.05000000074505806,
                "__type": "Breakpoint"
              },
              {
                "mLevel": 21,
                "mAdditionalBonusAtThisLevel": 0.05000000074505806,
                "__type": "Breakpoint"
              },
              {
                "mLevel": 26,
                "mAdditionalBonusAtThisLevel": 0.05000000074505806,
                "__type": "Breakpoint"
              }
            ],
            "__type": "ByCharLevelBreakpointsCalculationPart"
          }
        ],
        "mDisplayAsPercent": true,
        "__type": "GameCalculation"
      },
      "QEdgeDamage": {
        "mMultiplier": {
          "mSubparts": [
            {
              "mNumber": 1.0,
              "__type": "NumberCalculationPart"
            },
            {
              "mDataValue": "QSweetSpotBonus",
              "__type": "NamedDataValueCalculationPart"
            }
          ],
          "__type": "SumOfSubPartsCalculationPart"
        },
        "mSimpleTooltipCalculationDisplay": 6,
        "tooltipOnly": true,
        "mModifiedGameCalculation": "QDamage",
        "__type": "GameCalculationModified"
      }
    },
    "dataValues": {
      "QBaseDamage": [
        -5.0,
        10.0,
        25.0,
        40.0,
        55.0,
        70.0,
        85.0
      ],
      "QTotalADRatio": [
        0.5249999761581421,
        0.6000000238418579,
        0.675000011920929,
        0.75,
        0.824999988079071,
        0.8999999761581421,
        0.9750000238418579
      ],
      "QSweetSpotBonus": [
        0.699999988079071,
        0.699999988079071,
        0.699999988079071,
        0.699999988079071,
        0.699999988079071,
        0.699999988079071,
        0.699999988079071
      ],
      "QKnockupDuration": [
        0.25,
        0.25,
        0.25,
        0.25,
        0.25,
        0.25,
        0.25
      ],
      "QRampBonus": [
        0.25,
        0.25,
        0.25,
        0.25,
        0.25,
        0.25,
        0.25
      ],
      "QMonsterBonus": {
        "mName": "QMonsterBonus",
        "__type": "SpellDataValue"
      },
      "QExtensionTime": [
        4.0,
        4.0,
        4.0,
        4.0,
        4.0,
        4.0,
        4.0
      ]
    }
  },
  "AatroxQ3": {
    "calculations": {},
    "dataValues": {}
  },
  "AatroxQ2": {
    "calculations": {},
    "dataValues": {}
  },
  "AatroxQWrapperCast": {
    "calculations": {},
    "dataValues": {}
  },
  "AatroxPassive": {
    "calculations": {
      "PDamage": {
        "mFormulaParts": [
          {
            "mStartValue": 0.03999999910593033,
            "mEndValue": 0.07999999821186066,
            "__type": "ByCharLevelInterpolationCalculationPart"
          }
        ],
        "mDisplayAsPercent": true,
        "__type": "GameCalculation"
      },
      "PCooldown": {
        "mSimpleTooltipCalculationDisplay": 6,
        "mFormulaParts": [
          {
            "mStartValue": 22.0,
            "mEndValue": 10.0,
            "__type": "ByCharLevelInterpolationCalculationPart"
          }
        ],
        "__type": "GameCalculation"
      }
    },
    "dataValues": {
      "PBonusAARange": [
        50.0,
        50.0,
        50.0,
        50.0,
        50.0,
        50.0,
        50.0
      ],
      "PChargeRate": [
        2.0,
        2.0,
        2.0,
        2.0,
        2.0,
        2.0,
        2.0
      ],
      "PDamageTADBonusLevel1": [
        0.15000000596046448,
        0.15000000596046448,
        0.15000000596046448,
        0.15000000596046448,
        0.15000000596046448,
        0.15000000596046448,
        0.15000000596046448
      ],
      "PDamageTADBonusLevel18": [
        0.25,
        0.25,
        0.25,
        0.25,
        0.25,
        0.25,
        0.25
      ],
      "PMonsterCap": [
        100.0,
        100.0,
        100.0,
        100.0,
        100.0,
        100.0,
        100.0
      ],