{
  "EliseSpiderEInitial": {
    "calculations": {},
    "dataValues": {
      "PBonusIncrease": [
        0.25,
        0.4000000059604645,
        0.550000011920929,
        0.699999988079071,
        0.8500000238418579,
        1.0,
        1.149999976158142
      ],
      "BuffDuration": [
        5.0,
        5.0,
        5.0,
        5.0,
        5.0,
        5.0,
        5.0
      ]
    }
  },
  "EliseSpiderE": {
    "calculations": {},
    "dataValues": {
      "PBonusIncrease": [
        0.25,
        0.4000000059604645,
        0.550000011920929,
        0.699999988079071,
        0.8500000238418579,
        1.0,
        1.149999976158142
      ],
      "BuffDuration": [
        5.0,
        5.0,
        5.0,
        5.0,
        5.0,
        5.0,
        5.0
      ]
    }
  },
  "EliseSpiderEBuff": {
    "calculations": {},
    "dataValues": {}
  },
  "EliseSpiderEDescent": {
    "calculations": {},
    "dataValues": {}
  },
  "EliseBasicAttack": {
    "calculations": {},
    "dataValues": {}
  },
  "EliseHumanE": {
    "calculations": {},
    "dataValues": {
      "StunDuration": [
        1.399999976158142,
        1.600000023841858,
        1.7999999523162842,
        2.0,
        2.200000047683716,
        2.4000000953674316,
        2.5999999046325684
      ],
      "VisionRadius": [
        250.0,
        250.0,
        250.0,
        250.0,
        250.0,
        250.0,
        250.0
      ]
    }
  },
  "EliseSpiderQ": {
    "calculations": {},
    "dataValues": {}
  },
  "EliseSpiderQCast": {
    "calculations": {
      "MissingHPDamage": {
        "mMultiplier": {
          "mNumber": 0.009999999776482582,
          "__type": "NumberCalculationPart"
        },
        "mSimpleTooltipCalculationDisplay": 6,
        "mFormulaParts": [
          {
            "mDataValue": "TargetMissingHPDamage",
            "__type": "NamedDataValueCalculationPart"
          },
          {
            "mDataValue": "APRatio",
            "__type": "StatByNamedDataValueCalculationPart"
          }
        ],
        "mDisplayAsPercent": true,
        "mPrecision": 1,
        "__type": "GameCalculation"
      }
    },
    "dataValues": {
      "BaseDamage": [
        20.0,
        50.0,
        80.0,
        110.0,
        140.0,
        170.0,
        200.0
      ],
      "MonsterCapDamage": [
        50.0,
        75.0,
        100.0,
        125.0,
        150.0,
        175.0,
        200.0
      ],
      "APRatio": [
        0.029999999329447746,
        0.029999999329447746,
        0.029999999329447746,
        0.029999999329447746,
        0.029999999329447746,
        0.029999999329447746,
        0.029999999329447746
      ],
      "TargetMissingHPDamage": [
        8.0,
        8.0,
        8.0,
        8.0,
        8.0,
        8.0,
        8.0
      ],
      "DashSpeed": [
        1150.0,
        1150.0,
        1150.0,
        1150.0,
        1150.0,
        1150.0,
        1150.0
      ]
    }
  },
  "EliseHumanW": {
    "calculations": {
      "TotalDamage": {
        "mSimpleTooltipCalculationDisplay": 6,
        "mFormulaParts": [
          {
            "mDataValue": "BaseDamage",
            "__type": "NamedDataValueCalculationPart"
          },
          {
            "mDataValue": "APRatio",
            "__type": "StatByNamedDataValueCalculationPart"
          }
        ],
        "__type": "GameCalculation"
      }
    },
    "dataValues": {
      "BaseDamage": [
        20.0,
        60.0,
        100.0,
        140.0,
        180.0,
        220.0,
        260.0
      ],
      "APRatio": [
        0.75,
        0.75,
        0.75,
        0.75,
        0.75,
        0.75,
        0.75
      ],
      "TimeToExplode": [
        3.0,
        3.0,
        3.0,
        3.0,
        3.0,
        3.0,
        3.0
      ],
      "ExplosionSize": [
        275.0,
        275.0,
        275.0,
        275.0,
        275.0,
        275.0,
        275.0
      ]
    }
  },
  "EliseSpiderW": {
    "calculations": {},
    "dataValues": {
      "PassiveAttackSpeed": [
        0.0,
        0.05000000074505806,
        0.10000000149011612,
        0.15000000596046448,
        0.20000000298023224,
        0.25,
        0.30000001192092896
      ],
      "ActiveAttackSpeed": [
        0.44999998807907104,
        0.6000000238418579,
        0.75,
        0.8999999761581421,
        1.0499999523162842,
        1.2000000476837158,
        1.350000023841858
      ],
      "BuffDuration": [
        3.0,
        3.0,
        3.0,
        3.0,
        3.0,
        3.0,
        3.0
      ]
    }
  },
  "EliseBasicAttack3": {
    "calculations": {},
    "dataValues": {}
  },
  "EliseBasicAttack2": {
    "calculations": {},
    "dataValues": {}
  },
  "EliseR": {
    "calculations": {
      "PassiveTotalDamage": {
        "mFormulaParts": [
          {
            "mDataValue": "PassiveBonusDamage",
            "__type": "NamedDataValueCalculationPart"
          },
          {
            "mCoefficient": 0.15000000596046448,
            "__type": "StatByCoefficientCalculationPart"
          }
        ],
        "__type": "GameCalculation"
      },
      "PassiveTotalHealing": {
        "mFormulaParts": [
          {
            "mDataValue": "PassiveHealing",
            "__type": "NamedDataValueCalculationPart"
          },
          {
            "mCoefficient": 0.07999999821186066,
            "__type": "StatByCoefficientCalculationPart"
          }
        ],
        "__type": "GameCalculation"
      },
      "SpiderlingTotalDamage": {
        "mSimpleTooltipCalculationDisplay": 6,
        "mFormulaParts": [
          {
            "mDataValue": "SpiderlingBaseDamage",
            "__type": "NamedDataValueCalculationPart"
          },
          {
            "mDataValue": "SpiderlingAPRatio",
            "__type": "StatByNamedDataValueCalculationPart"
          }
        ],
        "__type": "GameCalculation"
      }
    },
    "dataValues": {
      "PassiveBonusDamage": [
        2.0,
        12.0,
        22.0,
        32.0,
        42.0,
        52.0,
        62.0
      ],
      "PassiveHealing": [
        4.0,
        6.0,
        8.0,
        10.0,
        12.0,
        14.0,
        16.0
      ],
      "PassiveMSOnHit": [
        0.10000000149011612,
        0.10000000149011612,
        0.10000000149011612,
        0.10000000149011612,
        0.10000000149011612,
        0.10000000149011612,
        0.10000000149011612
      ],
      "SpiderlingsStored": [
        1.0,
        2.0,
        3.0,
        4.0,
        5.0,
        6.0,
        7.0
      ],
      "SpiderlingBaseDamage": [
        0.0,
        10.0,
        20.0,
        30.0,
        40.0,
        50.0,
        60.0
      ],
      "SpiderlingAPRatio": [
        0.15000000596046448,
        0.15000000596046448,
        0.15000000596046448,
        0.15000000596046448,
        0.15000000596046448,
        0.15000000596046448,
        0.15000000596046448
      ],
      "SpiderlingBonusResist": [
        -20.0,
        0.0,
        20.0,
        40.0,
        60.0,
        80.0,
        100.0
      ]
    }
  },
  "EliseRDummy": {
    "calculations": {},
    "dataValues": {}
  },
  "EliseRSpider": {
    "calculations": {},
    "dataValues": {}
  },
  "ElisePassive": {
    "calculations": {
      "{38943004}": {
        "mFormulaParts": [
          {
            "mLevel1Value": 5.0,
            "mInitialBonusPerLevel": 10.0,
            "mBreakpoints": [
              {
                "mLevel": 8,
                "mBonusPerLevelAtAndAfter": 15.0,
                "__type": "Breakpoint"
              },
              {
                "mLevel": 11,
                "mBonusPerLevelAtAndAfter": 20.0,
                "__type": "Breakpoint"
              },
              {
                "mLevel": 14,
                "mBonusPerLevelAtAndAfter": 25.0,
                "__type": "Breakpoint"
              },
              {
                "mLevel": 17,