{
  "FiddleSticksPassive": {
    "calculations": {},
    "dataValues": {}
  },
  "FiddleSticksPassiveAnimationFreeze": {
    "calculations": {},
    "dataValues": {}
  },
  "FiddleSticksW": {
    "calculations": {
      "DrainDamageCalc": {
        "mFormulaParts": [
          {
            "mDataValue": "DamagePerSecond",
            "__type": "NamedDataValueCalculationPart"
          },
          {
            "mCoefficient": 0.44999998807907104,
            "__type": "StatByCoefficientCalculationPart"
          }
        ],
        "__type": "GameCalculation"
      }
    },
    "dataValues": {
      "DamagePerSecond": [
        30.0,
        60.0,
        90.0,
        120.0,
        150.0,
        180.0,
        210.0
      ],
      "TicksPerSecond": [
        4.0,
        4.0,
        4.0,
        4.0,
        4.0,
        4.0,
        4.0
      ],
      "VampPercentage": [
        17.5,
        25.0,
        32.5,
        40.0,
        47.5,
        55.0,
        62.5
      ],
      "DrainDuration": [
        2.0,
        2.0,
        2.0,
        2.0,
        2.0,
        2.0,
        2.0
      ],
      "DrainLeashRange": [
        725.0,
        725.0,
        725.0,
        725.0,
        725.0,
        725.0,
        725.0
      ],
      "PercentMultiplier": [
        0.0949999988079071,
        0.11999999731779099,
        0.14499999582767487,
        0.17000000178813934,
        0.19499999284744263,
        0.2199999988079071,
        0.24500000476837158
      ],
      "PercentForTooltip": [
        9.5,
        12.0,
        14.5,
        17.0,
        19.5,
        22.0,
        24.5
      ],
      "MonsterDamageMod": [
        1.350000023841858,
        1.350000023841858,
        1.350000023841858,
        1.350000023841858,
        1.350000023841858,
        1.350000023841858,
        1.350000023841858
      ],
      "MonsterHealingMod": [
        0.44999998807907104,
        0.44999998807907104,
        0.44999998807907104,
        0.44999998807907104,
        0.44999998807907104,
        0.44999998807907104,
        0.44999998807907104
      ],
      "MinionDamageMod": [
        0.5,
        0.5,
        0.5,
        0.5,
        0.5,
        0.5,
        0.5
      ],
      "MinionHealingMod": [
        15.0,
        15.0,
        15.0,
        15.0,
        15.0,
        15.0,
        15.0
      ],
      "MonsterMaxDamage": [
        400.0,
        400.0,
        400.0,
        400.0,
        400.0,
        400.0,
        400.0
      ]
    }
  },
  "FiddleSticksWCosmeticMissileBig": {
    "calculations": {},
    "dataValues": {}
  },
  "FiddleSticksWCosmeticMissileSmall": {
    "calculations": {},
    "dataValues": {}
  },
  "FiddleSticksTerrifyBuff": {
    "calculations": {},
    "dataValues": {}
  },
  "FiddleSticksQ": {
    "calculations": {
      "TotalPercentHealthDamage": {
        "mFormulaParts": [
          {
            "mDataValue": "MaxHealthDamage",
            "__type": "NamedDataValueCalculationPart"
          },
          {
            "mCoefficient": 0.0003000000142492354,
            "__type": "StatByCoefficientCalculationPart"
          }
        ],
        "mDisplayAsPercent": true,
        "mPrecision": 1,
        "__type": "GameCalculation"
      },
      "TotalPercentHealthDamageFeared": {
        "mMultiplier": {
          "mNumber": 2.0,
          "__type": "NumberCalculationPart"
        },
        "mModifiedGameCalculation": "TotalPercentHealthDamage",
        "__type": "GameCalculationModified"
      }
    },
    "dataValues": {
      "MaxHealthDamage": [
        0.03500000014901161,
        0.03999999910593033,
        0.04500000178813934,
        0.05000000074505806,
        0.054999999701976776,
        0.05999999865889549,
        0.06499999761581421
      ],
      "FearDuration": [
        1.0,
        1.2000000476837158,
        1.399999976158142,
        1.600000023841858,
        1.7999999523162842,
        2.0,
        2.200000047683716
      ],
      "MinimumDamage": [
        20.0,
        40.0,
        60.0,
        80.0,
        100.0,
        120.0,
        140.0
      ]
    }
  },
  "FiddleSticksQMissileNoFear": {
    "calculations": {},
    "dataValues": {}
  },
  "FiddleSticksQMissileFear": {
    "calculations": {},
    "dataValues": {}
  },
  "FiddleSticksR": {
    "calculations": {
      "DamageDone": {
        "mMultiplier": {
          "mNumber": 0.25,
          "__type": "NumberCalculationPart"
        },
        "mFormulaParts": [
          {
            "mDataValue": "DamagePerSecond",
            "__type": "NamedDataValueCalculationPart"
          },
          {
            "mDataValue": "APRatio",
            "__type": "StatByNamedDataValueCalculationPart"
          }
        ],
        "__type": "GameCalculation"
      },
      "TotalDamage": {
        "mMultiplier": {
          "mDataValue": "Duration",
          "__type": "NamedDataValueCalculationPart"
        },
        "tooltipOnly": true,
        "mModifiedGameCalculation": "{d0d3db7f}",
        "__type": "GameCalculationModified"
      },
      "APRatioFullDuration": {
        "mMultiplier": {
          "mDataValue": "Duration",
          "__type": "NamedDataValueCalculationPart"
        },
        "mFormulaParts": [
          {
            "mDataValue": "APRatio",
            "__type": "StatByNamedDataValueCalculationPart"
          }
        ],
        "__type": "GameCalculation"
      },
      "APRatioTick": {
        "mFormulaParts": [
          {
            "mDataValue": "APRatio",
            "__type": "StatByNamedDataValueCalculationPart"
          }
        ],
        "__type": "GameCalculation"
      },
      "{d0d3db7f}": {
        "tooltipOnly": true,
        "mFormulaParts": [
          {
            "mDataValue": "DamagePerSecond",
            "__type": "NamedDataValueCalculationPart"
          },
          {
            "mDataValue": "APRatio",
            "__type": "StatByNamedDataValueCalculationPart"
          }
        ],
        "__type": "GameCalculation"
      }
    },
    "dataValues": {
      "DamagePerSecond": [
        50.0,
        150.0,
        250.0,
        350.0,
        450.0,
        550.0,
        650.0
      ],
      "APRatio": [
        0.5,
        0.5,
        0.5,
        0.5,
        0.5,
        0.5,
        0.5
      ],
      "Duration": [
        5.0,
        5.0,
        5.0,
        5.0,
        5.0,
        5.0,
        5.0
      ],
      "ChannelTime": [
        1.5,
        1.5,
        1.5,
        1.5,
        1.5,
        1.5,
        1.5
      ]
    }
  },
  "FiddleSticksE": {
    "calculations": {
      "Damage": {
        "mFormulaParts": [
          {
            "mDataValue": "BaseDamage",
            "__type": "NamedDataValueCalculationPart"
          },
          {
            "mCoefficient": 0.5,
            "__type": "StatByCoefficientCalculationPart"
          }
        ],
        "__type": "GameCalculation"
      }
    },
    "dataValues": {
      "BaseDamage": [
        35.0,
        70.0,
        105.0,
        140.0,
        175.0,
        210.0,
        245.0
      ],
      "SlowAmount": [
        -0.25,
        -0.30000001192092896,
        -0.3499999940395355,
        -0.4000000059604645,
        -0.44999998807907104,
        -0.5,
        -0.550000011920929
      ],
      "EmpoweredSlowAmount": [
        -0.44999998807907104,
        -0.5,
        -0.550000011920929,
        -0.6000000238418579,
        -0.6499999761581421,
        -0.699999988079071,
        -0.75
      ],
      "CastRange": [
        850.0,
        850.0,
        850.0,
        850.0,
        850.0,
        850.0,
        850.0
      ],
      "SilenceDuration": [
        1.25,
        1.25,
        1.25,
        1.25,
        1.25,
        1.25,
        1.25
      ]
    }
  }
}