{
  "PykeQRange": {
    "calculations": {},
    "dataValues": {}
  },
  "PykeQMelee": {
    "calculations": {},
    "dataValues": {}
  },
  "PykeQ": {
    "calculations": {
      "TotalDamage": {
        "mFormulaParts": [
          {
            "mDataValue": "BaseDamage",
            "__type": "NamedDataValueCalculationPart"
          },
          {
            "mStat": 2,
            "mStatFormula": 2,
            "mDataValue": "BonusADRatio",
            "__type": "StatByNamedDataValueCalculationPart"
          }
        ],
        "__type": "GameCalculation"
      }
    },
    "dataValues": {
      "ManaRefund": [
        0.75,
        0.75,
        0.75,
        0.75,
        0.75,
        0.75,
        0.75
      ],
      "BaseDamage": [
        50.0,
        100.0,
        150.0,
        200.0,
        250.0,
        300.0,
        350.0
      ],
      "SlowAmount": [
        0.8999999761581421,
        0.8999999761581421,
        0.8999999761581421,
        0.8999999761581421,
        0.8999999761581421,
        0.8999999761581421,
        0.8999999761581421
      ],
      "SlowDuration": [
        1.0,
        1.0,
        1.0,
        1.0,
        1.0,
        1.0,
        1.0
      ],
      "MinChargeTime": [
        0.5,
        0.5,
        0.5,
        0.5,
        0.5,
        0.5,
        0.5
      ],
      "MaxChargeTime": [
        3.0,
        3.0,
        3.0,
        3.0,
        3.0,
        3.0,
        3.0
      ],
      "SelfSlow": [
        0.20000000298023224,
        0.20000000298023224,
        0.20000000298023224,
        0.20000000298023224,
        0.20000000298023224,
        0.20000000298023224,
        0.20000000298023224
      ],
      "PullDistance": [
        500.0,
        500.0,
        500.0,
        500.0,
        500.0,
        500.0,
        500.0
      ],
      "MinRangeDistance": [
        500.0,
        500.0,
        500.0,
        500.0,
        500.0,
        500.0,
        500.0
      ],
      "MaxRangeDistance": [
        1100.0,
        1100.0,
        1100.0,
        1100.0,
        1100.0,
        1100.0,
        1100.0
      ],
      "ChargeTimeToGetMaxRange": [
        1.0,
        1.0,
        1.0,
        1.0,
        1.0,
        1.0,
        1.0
      ],
      "BonusADRatio": [
        0.75,
        0.75,
        0.75,
        0.75,
        0.75,
        0.75,
        0.75
      ]
    }
  },
  "PykePassive": {
    "calculations": {
      "DamageStorageMax": {
        "tooltipOnly": true,
        "mFormulaParts": [
          {
            "mNumber": 80.0,
            "__type": "NumberCalculationPart"
          },
          {
            "mStat": 2,
            "mStatFormula": 2,
            "mCoefficient": 8.0,
            "__type": "StatByCoefficientCalculationPart"
          }
        ],
        "__type": "GameCalculation"
      },
      "OneEnemyCalc": {
        "mFormulaParts": [
          {
            "mDataValue": "OneEnemy",
            "__type": "NamedDataValueCalculationPart"
          },
          {
            "mStat": 29,
            "mCoefficient": 0.0020000000949949026,
            "__type": "StatByCoefficientCalculationPart"
          }
        ],
        "mDisplayAsPercent": true,
        "__type": "GameCalculation"
      },
      "AdditionalBonusCalc": {
        "mFormulaParts": [
          {
            "mDataValue": "AdditionalBonus",
            "__type": "NamedDataValueCalculationPart"
          },
          {
            "mStat": 29,
            "mCoefficient": 0.004000000189989805,
            "__type": "StatByCoefficientCalculationPart"
          }
        ],
        "mDisplayAsPercent": true,
        "__type": "GameCalculation"
      }
    },
    "dataValues": {
      "OneEnemy": [
        0.09000000357627869,
        0.09000000357627869,
        0.09000000357627869,
        0.09000000357627869,
        0.09000000357627869,
        0.09000000357627869,
        0.09000000357627869
      ],
      "AdditionalBonus": [
        0.4000000059604645,
        0.4000000059604645,
        0.4000000059604645,
        0.4000000059604645,
        0.4000000059604645,
        0.4000000059604645,
        0.4000000059604645
      ]
    }
  },
  "PykePHealON": {
    "calculations": {},
    "dataValues": {}
  },
  "PykePHealOFF": {
    "calculations": {},
    "dataValues": {}
  },
  "PykeBasicAttack2": {
    "calculations": {},
    "dataValues": {}
  },
  "PykeBasicAttack": {
    "calculations": {},
    "dataValues": {}
  },
  "PykeRSpellPassive": {
    "calculations": {},
    "dataValues": {}
  },
  "PykeR": {
    "calculations": {
      "RDamage": {
        "mSimpleTooltipCalculationDisplay": 5,
        "mFormulaParts": [
          {
            "mLevel1Value": 250.0,
            "mBreakpoints": [
              {
                "mLevel": 7,
                "mBonusPerLevelAtAndAfter": 40.0,
                "__type": "Breakpoint"
              },
              {
                "mLevel": 10,
                "mBonusPerLevelAtAndAfter": 30.0,
                "__type": "Breakpoint"
              },
              {
                "mLevel": 12,
                "mBonusPerLevelAtAndAfter": 20.0,
                "__type": "Breakpoint"
              },
              {
                "mLevel": 17,
                "mBonusPerLevelAtAndAfter": 10.0,
                "__type": "Breakpoint"
              }
            ],
            "__type": "ByCharLevelBreakpointsCalculationPart"
          },
          {
            "mStat": 2,
            "mStatFormula": 2,
            "mCoefficient": 0.800000011920929,
            "__type": "StatByCoefficientCalculationPart"
          },
          {
            "mStat": 29,
            "mCoefficient": 1.5,
            "__type": "StatByCoefficientCalculationPart"
          }
        ],
        "__type": "GameCalculation"
      },
      "RADDamage": {
        "mSimpleTooltipCalculationDisplay": 5,
        "mFormulaParts": [
          {
            "mStat": 2,
            "mStatFormula": 2,
            "mCoefficient": 0.800000011920929,
            "__type": "StatByCoefficientCalculationPart"
          }
        ],
        "__type": "GameCalculation"
      },
      "RLethalityDamage": {
        "mSimpleTooltipCalculationDisplay": 5,
        "mFormulaParts": [
          {
            "mStat": 29,
            "mCoefficient": 1.5,
            "__type": "StatByCoefficientCalculationPart"
          }
        ],
        "__type": "GameCalculation"
      },
      "RBaseDamage": {
        "mFormulaParts": [
          {
            "mLevel1Value": 250.0,
            "mBreakpoints": [
              {
                "mLevel": 7,
                "mBonusPerLevelAtAndAfter": 40.0,
                "__type": "Breakpoint"
              },
              {
                "mLevel": 10,
                "mBonusPerLevelAtAndAfter": 30.0,
                "__type": "Breakpoint"
              },
              {
                "mLevel": 12,
                "mBonusPerLevelAtAndAfter": 20.0,
                "__type": "Breakpoint"
              },
              {
                "mLevel": 17,
                "mBonusPerLevelAtAndAfter": 10.0,
                "__type": "Breakpoint"
              }
            ],
            "__type": "ByCharLevelBreakpointsCalculationPart"
          }
        ],
        "__type": "GameCalculation"
      },
      "ReducedDamageFinal": {
        "mMultiplier": {
          "mDataValue": "ReducedDamage",
          "__type": "NamedDataValueCalculationPart"
        },
        "tooltipOnly": true,
        "mModifiedGameCalculation": "RDamage",
        "__type": "GameCalculationModified"
      }
    },
    "dataValues": {
      "RRecastDuration": [
        20.0,
        20.0,
        20.0,
        20.0,
        20.0,
        20.0,
        20.0
      ],
      "ReducedDamage": [
        0.5,
        0.5,
        0.5,
        0.5,
        0.5,
        0.5,
        0.5
      ],