{
  "ViegoEWallFollowMis": {
    "calculations": {},
    "dataValues": {}
  },
  "ViegoEWallFollowMisCounterClockwise": {
    "calculations": {},
    "dataValues": {}
  },
  "ViegoE": {
    "calculations": {
      "TotalMovespeed": {
        "mFormulaParts": [
          {
            "mDataValue": "MoveSpeed",
            "__type": "NamedDataValueCalculationPart"
          },
          {
            "mCoefficient": 0.00039999998989515007,
            "__type": "StatByCoefficientCalculationPart"
          }
        ],
        "mDisplayAsPercent": true,
        "__type": "GameCalculation"
      }
    },
    "dataValues": {
      "MistDuration": [
        8.0,
        8.0,
        8.0,
        8.0,
        8.0,
        8.0,
        8.0
      ],
      "MoveSpeed": [
        0.22499999403953552,
        0.25,
        0.2750000059604645,
        0.30000001192092896,
        0.32499998807907104,
        0.3499999940395355,
        0.375
      ],
      "AttackSpeed": [
        0.25,
        0.30000001192092896,
        0.3499999940395355,
        0.4000000059604645,
        0.44999998807907104,
        0.5,
        0.550000011920929
      ],
      "CamoRadius": [
        450.0,
        450.0,
        450.0,
        450.0,
        450.0,
        450.0,
        450.0
      ],
      "RestealthTime": [
        0.6000000238418579,
        0.6000000238418579,
        0.6000000238418579,
        0.6000000238418579,
        0.6000000238418579,
        0.6000000238418579,
        0.6000000238418579
      ],
      "RestealthTimeAfterHittingLargeMonster": [
        1.5,
        1.5,
        1.5,
        1.5,
        1.5,
        1.5,
        1.5
      ]
    }
  },
  "ViegoEMissile": {
    "calculations": {},
    "dataValues": {}
  },
  "ViegoBasicAttack3": {
    "calculations": {},
    "dataValues": {}
  },
  "ViegoBasicAttack2": {
    "calculations": {},
    "dataValues": {}
  },
  "ViegoRCast": {
    "calculations": {},
    "dataValues": {}
  },
  "ViegoR": {
    "calculations": {
      "TotalDamage": {
        "mExpandedTooltipCalculationDisplay": 0,
        "mFormulaParts": [
          {
            "mStat": 2,
            "mCoefficient": 1.2000000476837158,
            "__type": "StatByCoefficientCalculationPart"
          },
          {
            "mStat": 8,
            "mSubpart": {
              "mPart1": {
                "mNumber": 1.0,
                "__type": "NumberCalculationPart"
              },
              "mPart2": {
                "mStat": 2,
                "mCoefficient": 1.2000000476837158,
                "__type": "StatByCoefficientCalculationPart"
              },
              "__type": "ProductOfSubPartsCalculationPart"
            },
            "__type": "StatBySubPartCalculationPart"
          }
        ],
        "__type": "GameCalculation"
      },
      "TotalPercentHealth": {
        "mFormulaParts": [
          {
            "mDataValue": "MaxHealthDamage",
            "__type": "NamedDataValueCalculationPart"
          },
          {
            "mStat": 2,
            "mStatFormula": 2,
            "mCoefficient": 0.05000000074505806,
            "__type": "StatByCoefficientCalculationPart"
          }
        ],
        "__type": "GameCalculation"
      }
    },
    "dataValues": {
      "MaxHealthDamage": [
        8.0,
        12.0,
        16.0,
        20.0,
        24.0,
        28.0,
        32.0
      ],
      "SlowDuration": [
        0.25,
        0.25,
        0.25,
        0.25,
        0.25,
        0.25,
        0.25
      ],
      "SlowPercent": [
        0.9900000095367432,
        0.9900000095367432,
        0.9900000095367432,
        0.9900000095367432,
        0.9900000095367432,
        0.9900000095367432,
        0.9900000095367432
      ],
      "LockoutTime": [
        1.5,
        1.5,
        1.5,
        1.5,
        1.5,
        1.5,
        1.5
      ],
      "KnockbackBonusRange": [
        100.0,
        100.0,
        100.0,
        100.0,
        100.0,
        100.0,
        100.0
      ],
      "KnockbackSpeed": [
        1000.0,
        1000.0,
        1000.0,
        1000.0,
        1000.0,
        1000.0,
        1000.0
      ],
      "KnockbackGravity": [
        15.0,
        15.0,
        15.0,
        15.0,
        15.0,
        15.0,
        15.0
      ]
    }
  },
  "ViegoBasicAttack": {
    "calculations": {},
    "dataValues": {}
  },
  "ViegoPassive": {
    "calculations": {
      "PercentHealthHeal": {
        "mFormulaParts": [
          {
            "mDataValue": "BaseHealPercent",
            "__type": "NamedDataValueCalculationPart"
          },
          {
            "mStat": 2,
            "mStatFormula": 2,
            "mCoefficient": 0.02500000037252903,
            "__type": "StatByCoefficientCalculationPart"
          },
          {
            "mCoefficient": 0.019999999552965164,
            "__type": "StatByCoefficientCalculationPart"
          },
          {
            "mStat": 4,
            "mStatFormula": 2,
            "mCoefficient": 5.0,
            "__type": "StatByCoefficientCalculationPart"
          }
        ],
        "mPrecision": 1,
        "__type": "GameCalculation"
      }
    },
    "dataValues": {
      "MoveSpeedPercent": [
        0.10000000149011612,
        0.10000000149011612,
        0.10000000149011612,
        0.10000000149011612,
        0.10000000149011612,
        0.10000000149011612,
        0.10000000149011612
      ],
      "TransformDuration": [
        10.0,
        10.0,
        10.0,
        10.0,
        10.0,
        10.0,
        10.0
      ],
      "BaseHealPercent": [
        2.0,
        2.0,
        2.0,
        2.0,
        2.0,
        2.0,
        2.0
      ],
      "TakedownWindow": [
        3.0,
        3.0,
        3.0,
        3.0,
        3.0,
        3.0,
        3.0
      ],
      "InvulnTimeWhileAttackingSoul": [
        1.0,
        1.0,
        1.0,
        1.0,
        1.0,
        1.0,
        1.0
      ],
      "SoulDuration": [
        8.0,
        8.0,
        8.0,
        8.0,
        8.0,
        8.0,
        8.0
      ]
    }
  },
  "ViegoPassiveAttack": {
    "calculations": {},
    "dataValues": {}
  },
  "ViegoW": {
    "calculations": {
      "TotalDamage": {
        "mFormulaParts": [
          {
            "mDataValue": "Damage",
            "__type": "NamedDataValueCalculationPart"
          },
          {
            "mCoefficient": 1.0,
            "__type": "StatByCoefficientCalculationPart"
          }
        ],
        "__type": "GameCalculation"
      }
    },
    "dataValues": {
      "Damage": [
        25.0,
        80.0,
        135.0,
        190.0,
        245.0,
        300.0,
        355.0
      ],
      "StunMultPercent": [
        4.0,
        4.0,
        4.0,
        4.0,
        4.0,
        4.0,
        4.0
      ],
      "StunDuration": [
        0.25,
        0.25,
        0.25,
        0.25,
        0.25,
        0.25,
        0.25
      ],
      "MaxStunTT": [
        1.25,
        1.25,
        1.25,
        1.25,
        1.25,
        1.25,
        1.25
      ],
      "DashDistance": [
        300.0,
        300.0,
        300.0,
        300.0,
        300.0,
        300.0,
        300.0
      ],
      "DashSpeed": [
        1000.0,
        1000.0,
        1000.0,
        1000.0,
        1000.0,
        1000.0,
        1000.0
      ],
      "MinMissileRange": [
        500.0,
        500.0,
        500.0,
        500.0,
        500.0,
        500.0,
        500.0
      ],
      "MaxBonusMissileRange": [
        400.0,
        400.0,
        400.0,
        400.0,
        400.0,
        400.0,
        400.0
      ],
      "SelfSlowPercent": [
        0.10000000149011612,
        0.10000000149011612,
        0.10000000149011612,
        0.10000000149011612,
        0.10000000149011612,
        0.10000000149011612,
        0.10000000149011612
      ],