{
  "WarwickE": {
    "calculations": {},
    "dataValues": {
      "CherryNegaHaste": [
        -20.0,
        -20.0,
        -20.0,
        -20.0,
        -20.0,
        -20.0,
        -20.0
      ]
    }
  },
  "WarwickP": {
    "calculations": {
      "OnHitDamage": {
        "mSimpleTooltipCalculationDisplay": 6,
        "mFormulaParts": [
          {
            "mStartValue": 6.0,
            "mEndValue": 46.0,
            "__type": "ByCharLevelInterpolationCalculationPart"
          },
          {
            "mStat": 2,
            "mStatFormula": 2,
            "mDataValue": "ADRatio",
            "__type": "StatByNamedDataValueCalculationPart"
          },
          {
            "mDataValue": "APRatio",
            "__type": "StatByNamedDataValueCalculationPart"
          }
        ],
        "__type": "GameCalculation"
      }
    },
    "dataValues": {
      "HealingThreshold": [
        0.5,
        0.5,
        0.5,
        0.5,
        0.5,
        0.5,
        0.5
      ],
      "EmpoweredHealingThreshold": [
        0.25,
        0.25,
        0.25,
        0.25,
        0.25,
        0.25,
        0.25
      ],
      "HealingRatio": [
        1.0,
        1.0,
        1.0,
        1.0,
        1.0,
        1.0,
        1.0
      ],
      "EmpoweredHealingRatio": [
        2.5,
        2.5,
        2.5,
        2.5,
        2.5,
        2.5,
        2.5
      ],
      "HealthRestoreSlushTime": [
        1.5499999523162842,
        1.5499999523162842,
        1.5499999523162842,
        1.5499999523162842,
        1.5499999523162842,
        1.5499999523162842,
        1.5499999523162842
      ],
      "ADRatio": [
        0.15000000596046448,
        0.15000000596046448,
        0.15000000596046448,
        0.15000000596046448,
        0.15000000596046448,
        0.15000000596046448,
        0.15000000596046448
      ],
      "APRatio": [
        0.10000000149011612,
        0.10000000149011612,
        0.10000000149011612,
        0.10000000149011612,
        0.10000000149011612,
        0.10000000149011612,
        0.10000000149011612
      ]
    }
  },
  "WarwickRChannel": {
    "calculations": {},
    "dataValues": {}
  },
  "WarwickBasicAttack": {
    "calculations": {},
    "dataValues": {}
  },
  "WarwickW": {
    "calculations": {},
    "dataValues": {
      "PassiveASBonus": [
        60.0,
        70.0,
        80.0,
        90.0,
        100.0,
        110.0,
        120.0
      ],
      "Duration": [
        8.0,
        8.0,
        8.0,
        8.0,
        8.0,
        8.0,
        8.0
      ],
      "MoveSpeedBonus": [
        10.0,
        15.0,
        20.0,
        25.0,
        30.0,
        35.0,
        40.0
      ],
      "PassiveMSBonus": [
        27.5,
        35.0,
        42.5,
        50.0,
        57.5,
        65.0,
        72.5
      ],
      "NoTargetCDReduction": [
        0.699999988079071,
        0.699999988079071,
        0.699999988079071,
        0.699999988079071,
        0.699999988079071,
        0.699999988079071,
        0.699999988079071
      ],
      "PassiveASDuration": [
        1.25,
        1.25,
        1.25,
        1.25,
        1.25,
        1.25,
        1.25
      ],
      "FirstHPThreshold": [
        0.5,
        0.5,
        0.5,
        0.5,
        0.5,
        0.5,
        0.5
      ],
      "SecondHPThreshold": [
        0.25,
        0.25,
        0.25,
        0.25,
        0.25,
        0.25,
        0.25
      ]
    }
  },
  "InfiniteDuress": {
    "calculations": {},
    "dataValues": {}
  },
  "HuntersCall": {
    "calculations": {},
    "dataValues": {}
  },
  "WarwickPSpellInfo": {
    "calculations": {},
    "dataValues": {}
  },
  "WarwickR": {
    "calculations": {
      "DamageCumulative": {
        "mFormulaParts": [
          {
            "mDataValue": "RBaseDamage",
            "__type": "NamedDataValueCalculationPart"
          },
          {
            "mStat": 2,
            "mStatFormula": 2,
            "mCoefficient": 1.6699999570846558,
            "__type": "StatByCoefficientCalculationPart"
          }
        ],
        "__type": "GameCalculation"
      }
    },
    "dataValues": {
      "RDuration": [
        1.5,
        1.5,
        1.5,
        1.5,
        1.5,
        1.5,
        1.5
      ],
      "RBaseDamage": [
        0.0,
        175.0,
        350.0,
        525.0,
        700.0,
        875.0,
        1050.0
      ]
    }
  },
  "BloodScent": {
    "calculations": {},
    "dataValues": {}
  },
  "WarwickCritAttack": {
    "calculations": {},
    "dataValues": {}
  },
  "WarwickQ": {
    "calculations": {
      "BaseBiteDamage": {
        "mSimpleTooltipCalculationDisplay": 6,
        "mFormulaParts": [
          {
            "mStat": 2,
            "mDataValue": "ADRatio",
            "__type": "StatByNamedDataValueCalculationPart"
          },
          {
            "mCoefficient": 1.0,
            "__type": "StatByCoefficientCalculationPart"
          }
        ],
        "__type": "GameCalculation"
      }
    },
    "dataValues": {
      "TargetPercentHPDamage": [
        5.0,
        6.0,
        7.0,
        8.0,
        9.0,
        10.0,
        11.0
      ],
      "ADRatio": [
        1.2000000476837158,
        1.2000000476837158,
        1.2000000476837158,
        1.2000000476837158,
        1.2000000476837158,
        1.2000000476837158,
        1.2000000476837158
      ]
    }
  },
  "HungeringStrike": {
    "calculations": {},
    "dataValues": {}
  },
  "WarwickBasicAttack3": {
    "calculations": {},
    "dataValues": {}
  },
  "WarwickBasicAttack2": {
    "calculations": {},
    "dataValues": {}
  },
  "WarwickBasicAttack4": {
    "calculations": {},
    "dataValues": {}
  },
  "InfiniteDuressChannel": {
    "calculations": {},
    "dataValues": {}
  },
  "WarwickBasicAttackPassive4": {
    "calculations": {},
    "dataValues": {}
  },
  "WarwickBasicAttackPassive1": {
    "calculations": {},
    "dataValues": {}
  },
  "WarwickBasicAttackPassive2": {
    "calculations": {},
    "dataValues": {}
  },
  "WarwickBasicAttackPassive3": {
    "calculations": {},
    "dataValues": {}
  }
}